{
  "Category" : {
    "transaction" : "Category",
    "sampleCount" : 3000,
    "errorCount" : 268,
    "errorPct" : 8.933333,
    "meanResTime" : 15127.568666666637,
    "medianResTime" : 4109.0,
    "minResTime" : 0.0,
    "maxResTime" : 73091.0,
    "pct1ResTime" : 57034.5,
    "pct2ResTime" : 61494.25,
    "pct3ResTime" : 69796.92,
    "throughput" : 10.177357415222613,
    "receivedKBytesPerSec" : 36.23789570307729,
    "sentKBytesPerSec" : 5.149994635684529
  },
  "Total" : {
    "transaction" : "Total",
    "sampleCount" : 12000,
    "errorCount" : 1075,
    "errorPct" : 8.958333,
    "meanResTime" : 17880.870249999996,
    "medianResTime" : 4115.0,
    "minResTime" : 0.0,
    "maxResTime" : 86491.0,
    "pct1ResTime" : 57639.9,
    "pct2ResTime" : 64805.649999999994,
    "pct3ResTime" : 78481.81,
    "throughput" : 38.916310474324966,
    "receivedKBytesPerSec" : 107.53671421989824,
    "sentKBytesPerSec" : 18.788733256865488
  },
  "Product" : {
    "transaction" : "Product",
    "sampleCount" : 3000,
    "errorCount" : 296,
    "errorPct" : 9.866667,
    "meanResTime" : 8955.777333333333,
    "medianResTime" : 4104.0,
    "minResTime" : 0.0,
    "maxResTime" : 69859.0,
    "pct1ResTime" : 37434.6,
    "pct2ResTime" : 49309.09999999997,
    "pct3ResTime" : 58226.979999999996,
    "throughput" : 9.9302893686322,
    "receivedKBytesPerSec" : 32.03209110068155,
    "sentKBytesPerSec" : 5.200730455535474
  },
  "Review" : {
    "transaction" : "Review",
    "sampleCount" : 3000,
    "errorCount" : 317,
    "errorPct" : 10.566667,
    "meanResTime" : 8063.735666666671,
    "medianResTime" : 4100.0,
    "minResTime" : 0.0,
    "maxResTime" : 69909.0,
    "pct1ResTime" : 28662.400000000005,
    "pct2ResTime" : 49125.549999999996,
    "pct3ResTime" : 65260.85,
    "throughput" : 9.858011770466053,
    "receivedKBytesPerSec" : 12.011685697421472,
    "sentKBytesPerSec" : 4.5373199937319475
  },
  "Home" : {
    "transaction" : "Home",
    "sampleCount" : 3000,
    "errorCount" : 194,
    "errorPct" : 6.4666667,
    "meanResTime" : 39376.39933333329,
    "medianResTime" : 37829.5,
    "minResTime" : 0.0,
    "maxResTime" : 86491.0,
    "pct1ResTime" : 68115.4,
    "pct2ResTime" : 76194.5,
    "pct3ResTime" : 83638.84,
    "throughput" : 11.409924352201545,
    "receivedKBytesPerSec" : 34.78111530940863,
    "sentKBytesPerSec" : 5.033804575094417
  }
}