{
  "Category" : {
    "transaction" : "Category",
    "sampleCount" : 5,
    "errorCount" : 0,
    "errorPct" : 0.0,
    "meanResTime" : 142.6,
    "medianResTime" : 144.0,
    "minResTime" : 130.0,
    "maxResTime" : 160.0,
    "pct1ResTime" : 160.0,
    "pct2ResTime" : 160.0,
    "pct3ResTime" : 160.0,
    "throughput" : 2.6219192448872577,
    "receivedKBytesPerSec" : 108.04150825904561,
    "sentKBytesPerSec" : 1.4569062991609858
  },
  "Total" : {
    "transaction" : "Total",
    "sampleCount" : 20,
    "errorCount" : 0,
    "errorPct" : 0.0,
    "meanResTime" : 114.69999999999997,
    "medianResTime" : 131.0,
    "minResTime" : 33.0,
    "maxResTime" : 211.0,
    "pct1ResTime" : 158.8,
    "pct2ResTime" : 208.44999999999996,
    "pct3ResTime" : 211.0,
    "throughput" : 8.673026886383347,
    "receivedKBytesPerSec" : 249.46428813421508,
    "sentKBytesPerSec" : 4.603310656981787
  },
  "Product" : {
    "transaction" : "Product",
    "sampleCount" : 5,
    "errorCount" : 0,
    "errorPct" : 0.0,
    "meanResTime" : 137.0,
    "medianResTime" : 136.0,
    "minResTime" : 120.0,
    "maxResTime" : 148.0,
    "pct1ResTime" : 148.0,
    "pct2ResTime" : 148.0,
    "pct3ResTime" : 148.0,
    "throughput" : 2.656748140276302,
    "receivedKBytesPerSec" : 127.20997857996812,
    "sentKBytesPerSec" : 1.5437159604144528
  },
  "Review" : {
    "transaction" : "Review",
    "sampleCount" : 5,
    "errorCount" : 0,
    "errorPct" : 0.0,
    "meanResTime" : 37.2,
    "medianResTime" : 33.0,
    "minResTime" : 33.0,
    "maxResTime" : 50.0,
    "pct1ResTime" : 50.0,
    "pct2ResTime" : 50.0,
    "pct3ResTime" : 50.0,
    "throughput" : 2.785515320334262,
    "receivedKBytesPerSec" : 1.8361551183844012,
    "sentKBytesPerSec" : 1.43356110724234
  },
  "Home" : {
    "transaction" : "Home",
    "sampleCount" : 5,
    "errorCount" : 0,
    "errorPct" : 0.0,
    "meanResTime" : 142.0,
    "medianResTime" : 128.0,
    "minResTime" : 111.0,
    "maxResTime" : 211.0,
    "pct1ResTime" : 211.0,
    "pct2ResTime" : 211.0,
    "pct3ResTime" : 211.0,
    "throughput" : 2.534211860111505,
    "receivedKBytesPerSec" : 64.12793414216928,
    "sentKBytesPerSec" : 1.1953362582361884
  }
}