{
  "Category" : {
    "transaction" : "Category",
    "sampleCount" : 1000,
    "errorCount" : 0,
    "errorPct" : 0.0,
    "meanResTime" : 297.71100000000007,
    "medianResTime" : 192.0,
    "minResTime" : 137.0,
    "maxResTime" : 5092.0,
    "pct1ResTime" : 480.4999999999999,
    "pct2ResTime" : 931.2999999999977,
    "pct3ResTime" : 1722.88,
    "throughput" : 5.006508460999299,
    "receivedKBytesPerSec" : 206.30335060578753,
    "sentKBytesPerSec" : 2.781936830379493
  },
  "Total" : {
    "transaction" : "Total",
    "sampleCount" : 4000,
    "errorCount" : 0,
    "errorPct" : 0.0,
    "meanResTime" : 236.97200000000083,
    "medianResTime" : 163.0,
    "minResTime" : 33.0,
    "maxResTime" : 5162.0,
    "pct1ResTime" : 340.9000000000001,
    "pct2ResTime" : 651.5999999999985,
    "pct3ResTime" : 1812.859999999997,
    "throughput" : 19.975330466873412,
    "receivedKBytesPerSec" : 574.5589743541725,
    "sentKBytesPerSec" : 10.602140731196972
  },
  "Product" : {
    "transaction" : "Product",
    "sampleCount" : 1000,
    "errorCount" : 0,
    "errorPct" : 0.0,
    "meanResTime" : 267.5759999999999,
    "medianResTime" : 176.0,
    "minResTime" : 126.0,
    "maxResTime" : 4933.0,
    "pct1ResTime" : 401.9999999999998,
    "pct2ResTime" : 723.9499999999986,
    "pct3ResTime" : 1705.97,
    "throughput" : 5.009166775198613,
    "receivedKBytesPerSec" : 239.84810171363597,
    "sentKBytesPerSec" : 2.9105998351984135
  },
  "Review" : {
    "transaction" : "Review",
    "sampleCount" : 1000,
    "errorCount" : 0,
    "errorPct" : 0.0,
    "meanResTime" : 63.43700000000008,
    "medianResTime" : 54.0,
    "minResTime" : 33.0,
    "maxResTime" : 612.0,
    "pct1ResTime" : 88.89999999999998,
    "pct2ResTime" : 128.0,
    "pct3ResTime" : 270.99,
    "throughput" : 5.023863350916855,
    "receivedKBytesPerSec" : 3.311628673700075,
    "sentKBytesPerSec" : 2.5855234237628735
  },
  "Home" : {
    "transaction" : "Home",
    "sampleCount" : 1000,
    "errorCount" : 0,
    "errorPct" : 0.0,
    "meanResTime" : 319.1639999999996,
    "medianResTime" : 165.0,
    "minResTime" : 122.0,
    "maxResTime" : 5162.0,
    "pct1ResTime" : 427.0,
    "pct2ResTime" : 1274.2999999999963,
    "pct3ResTime" : 3778.640000000003,
    "throughput" : 5.0035024517162014,
    "receivedKBytesPerSec" : 126.6169521790253,
    "sentKBytesPerSec" : 2.3600504728309817
  }
}