{
  "Category" : {
    "transaction" : "Category",
    "sampleCount" : 500,
    "errorCount" : 0,
    "errorPct" : 0.0,
    "meanResTime" : 178.30999999999992,
    "medianResTime" : 172.0,
    "minResTime" : 126.0,
    "maxResTime" : 371.0,
    "pct1ResTime" : 219.90000000000003,
    "pct2ResTime" : 245.0,
    "pct3ResTime" : 284.99,
    "throughput" : 4.958005691790534,
    "receivedKBytesPerSec" : 204.30469547929042,
    "sentKBytesPerSec" : 2.7549855845984514
  },
  "Total" : {
    "transaction" : "Total",
    "sampleCount" : 2000,
    "errorCount" : 0,
    "errorPct" : 0.0,
    "meanResTime" : 141.30599999999984,
    "medianResTime" : 151.0,
    "minResTime" : 31.0,
    "maxResTime" : 1822.0,
    "pct1ResTime" : 203.0,
    "pct2ResTime" : 224.0,
    "pct3ResTime" : 275.98,
    "throughput" : 19.751135690302192,
    "receivedKBytesPerSec" : 568.1065064561525,
    "sentKBytesPerSec" : 10.48314672624926
  },
  "Product" : {
    "transaction" : "Product",
    "sampleCount" : 500,
    "errorCount" : 0,
    "errorPct" : 0.0,
    "meanResTime" : 173.21200000000007,
    "medianResTime" : 163.0,
    "minResTime" : 116.0,
    "maxResTime" : 1791.0,
    "pct1ResTime" : 218.0,
    "pct2ResTime" : 240.95,
    "pct3ResTime" : 281.96000000000004,
    "throughput" : 4.95785820525533,
    "receivedKBytesPerSec" : 237.39135318542392,
    "sentKBytesPerSec" : 2.8807867501239466
  },
  "Review" : {
    "transaction" : "Review",
    "sampleCount" : 500,
    "errorCount" : 0,
    "errorPct" : 0.0,
    "meanResTime" : 48.37600000000002,
    "medianResTime" : 46.5,
    "minResTime" : 31.0,
    "maxResTime" : 118.0,
    "pct1ResTime" : 63.0,
    "pct2ResTime" : 69.0,
    "pct3ResTime" : 95.96000000000004,
    "throughput" : 4.961646472765522,
    "receivedKBytesPerSec" : 3.2706165714030546,
    "sentKBytesPerSec" : 2.5535036046361625
  },
  "Home" : {
    "transaction" : "Home",
    "sampleCount" : 500,
    "errorCount" : 0,
    "errorPct" : 0.0,
    "meanResTime" : 165.32600000000005,
    "medianResTime" : 150.0,
    "minResTime" : 108.0,
    "maxResTime" : 1822.0,
    "pct1ResTime" : 189.90000000000003,
    "pct2ResTime" : 214.0,
    "pct3ResTime" : 279.96000000000004,
    "throughput" : 4.955057627320206,
    "receivedKBytesPerSec" : 125.38715258852211,
    "sentKBytesPerSec" : 2.337200033198886
  }
}