{
  "Category" : {
    "transaction" : "Category",
    "sampleCount" : 4000,
    "errorCount" : 578,
    "errorPct" : 14.45,
    "meanResTime" : 20785.202250000017,
    "medianResTime" : 8260.5,
    "minResTime" : 0.0,
    "maxResTime" : 78549.0,
    "pct1ResTime" : 63323.2,
    "pct2ResTime" : 67131.8,
    "pct3ResTime" : 75627.86,
    "throughput" : 8.026712900532972,
    "receivedKBytesPerSec" : 269.3522637086223,
    "sentKBytesPerSec" : 3.815663371450186
  },
  "Total" : {
    "transaction" : "Total",
    "sampleCount" : 16000,
    "errorCount" : 2815,
    "errorPct" : 17.59375,
    "meanResTime" : 22852.933500000083,
    "medianResTime" : 7894.0,
    "minResTime" : 0.0,
    "maxResTime" : 88224.0,
    "pct1ResTime" : 63984.59999999999,
    "pct2ResTime" : 68490.44999999998,
    "pct3ResTime" : 76745.97,
    "throughput" : 31.74470904982134,
    "receivedKBytesPerSec" : 737.2899389205758,
    "sentKBytesPerSec" : 13.852393969571704
  },
  "Product" : {
    "transaction" : "Product",
    "sampleCount" : 4000,
    "errorCount" : 832,
    "errorPct" : 20.8,
    "meanResTime" : 17746.073999999953,
    "medianResTime" : 7291.0,
    "minResTime" : 0.0,
    "maxResTime" : 76746.0,
    "pct1ResTime" : 60295.8,
    "pct2ResTime" : 65281.299999999996,
    "pct3ResTime" : 72353.04999999997,
    "throughput" : 7.969588051993593,
    "receivedKBytesPerSec" : 290.34969937530883,
    "sentKBytesPerSec" : 3.6675670640834572
  },
  "Review" : {
    "transaction" : "Review",
    "sampleCount" : 4000,
    "errorCount" : 1000,
    "errorPct" : 25.0,
    "meanResTime" : 9703.192999999992,
    "medianResTime" : 1267.0,
    "minResTime" : 0.0,
    "maxResTime" : 82303.0,
    "pct1ResTime" : 49873.700000000004,
    "pct2ResTime" : 56859.299999999996,
    "pct3ResTime" : 74981.89,
    "throughput" : 7.978123984035773,
    "receivedKBytesPerSec" : 9.188085566252337,
    "sentKBytesPerSec" : 3.0794467819239646
  },
  "Home" : {
    "transaction" : "Home",
    "sampleCount" : 4000,
    "errorCount" : 405,
    "errorPct" : 10.125,
    "meanResTime" : 43177.264749999944,
    "medianResTime" : 52606.0,
    "minResTime" : 0.0,
    "maxResTime" : 88224.0,
    "pct1ResTime" : 70395.7,
    "pct2ResTime" : 74442.5,
    "pct3ResTime" : 81922.86999999991,
    "throughput" : 8.638655825153606,
    "receivedKBytesPerSec" : 187.9905537479618,
    "sentKBytesPerSec" : 3.662117283925621
  }
}