{
  "Category" : {
    "transaction" : "Category",
    "sampleCount" : 5000,
    "errorCount" : 0,
    "errorPct" : 0.0,
    "meanResTime" : 676.4786000000016,
    "medianResTime" : 387.0,
    "minResTime" : 135.0,
    "maxResTime" : 4624.0,
    "pct1ResTime" : 1881.800000000001,
    "pct2ResTime" : 2232.8999999999996,
    "pct3ResTime" : 2789.869999999997,
    "throughput" : 4.9867899933077275,
    "receivedKBytesPerSec" : 205.49081109141883,
    "sentKBytesPerSec" : 2.77097998651572
  },
  "Total" : {
    "transaction" : "Total",
    "sampleCount" : 20000,
    "errorCount" : 0,
    "errorPct" : 0.0,
    "meanResTime" : 497.97959999999966,
    "medianResTime" : 323.0,
    "minResTime" : 34.0,
    "maxResTime" : 5305.0,
    "pct1ResTime" : 1327.9000000000015,
    "pct2ResTime" : 1898.9500000000007,
    "pct3ResTime" : 2504.950000000008,
    "throughput" : 19.93658173350572,
    "receivedKBytesPerSec" : 573.4405340985326,
    "sentKBytesPerSec" : 10.58157438687535
  },
  "Product" : {
    "transaction" : "Product",
    "sampleCount" : 5000,
    "errorCount" : 0,
    "errorPct" : 0.0,
    "meanResTime" : 617.1432000000004,
    "medianResTime" : 360.0,
    "minResTime" : 136.0,
    "maxResTime" : 4463.0,
    "pct1ResTime" : 1683.6000000000022,
    "pct2ResTime" : 2012.8499999999995,
    "pct3ResTime" : 2557.99,
    "throughput" : 4.986650735979782,
    "receivedKBytesPerSec" : 238.76999241779754,
    "sentKBytesPerSec" : 2.897516785066377
  },
  "Review" : {
    "transaction" : "Review",
    "sampleCount" : 5000,
    "errorCount" : 0,
    "errorPct" : 0.0,
    "meanResTime" : 142.48000000000022,
    "medianResTime" : 88.0,
    "minResTime" : 34.0,
    "maxResTime" : 1446.0,
    "pct1ResTime" : 342.0,
    "pct2ResTime" : 430.9499999999998,
    "pct3ResTime" : 632.9699999999993,
    "throughput" : 4.987143144972262,
    "receivedKBytesPerSec" : 3.2874234598205825,
    "sentKBytesPerSec" : 2.5666254271488103
  },
  "Home" : {
    "transaction" : "Home",
    "sampleCount" : 5000,
    "errorCount" : 0,
    "errorPct" : 0.0,
    "meanResTime" : 555.8165999999986,
    "medianResTime" : 320.0,
    "minResTime" : 112.0,
    "maxResTime" : 5305.0,
    "pct1ResTime" : 1501.7000000000016,
    "pct2ResTime" : 1791.9499999999998,
    "pct3ResTime" : 2325.949999999999,
    "throughput" : 4.986247928213986,
    "receivedKBytesPerSec" : 126.17641949752581,
    "sentKBytesPerSec" : 2.3519118645774952
  }
}